threads,view,trace_ms,total_ms,min_ms,max_ms,checksum
1,0,1217.294,1317.544,1240.653,1513.170,d92debe553cd96e4
1,3,1250.478,1348.853,1317.496,1409.075,50a9a96f6f7a50cb
2,0,713.622,776.872,736.650,849.195,d92debe553cd96e4
2,3,687.180,744.945,728.262,801.603,50a9a96f6f7a50cb
4,0,360.661,396.227,381.182,414.698,d92debe553cd96e4
4,3,382.347,421.744,412.616,440.162,50a9a96f6f7a50cb
8,0,222.258,249.080,242.534,275.895,d92debe553cd96e4
8,3,235.541,262.288,260.269,277.352,50a9a96f6f7a50cb
16,0,159.947,187.536,175.972,194.887,d92debe553cd96e4
16,3,173.809,200.048,194.928,212.260,50a9a96f6f7a50cb
32,0,106.917,133.564,130.461,135.501,d92debe553cd96e4
32,3,122.692,151.753,144.520,158.610,50a9a96f6f7a50cb
